mod, spec_num, cond_pep, spec_num/cond_pep, pep_num, pep_num/cond_pep
Xlink_DSS[156][K],8038,936065,0.008587,4347,0.004644
Xlink_DSS[156][S],522,2242802,0.000233,318,0.000142
Xlink_DSS[156][T],115,1441470,0.000080,86,0.000060
Xlink_DSS[156][Y],143,695924,0.000205,94,0.000135
Xlink_DSS[156][G],110,1698250,0.000065,79,0.000047
Xlink_DSS[156][V],56,1653547,0.000034,44,0.000027
Xlink_DSS[156][L],92,2682919,0.000034,68,0.000025
